cell_id_x_mut_id	mut0	mut1	mut2	mut3	mut4	mut5	mut6	mut7	mut8	mut9	mut10	mut11	mut12	mut13	mut14	mut15	mut16	mut17	mut18	mut19	mut20	mut21	mut22	mut23	mut24	mut25	mut26	mut27	mut28	mut29	mut30	mut31	mut32	mut33	mut34	mut35	mut36	mut37	mut38	mut39	mut40	mut41	mut42	mut43	mut44	mut45	mut46	mut47	mut48	mut49
cell_0	0	0	0	0	0	0	0	0	0	0	0	0	1	0	0	0	0	0	0	0	0	0	0	0	0	0	0	0	0	0	0	0	0	1	0	0	0	0	0	0	0	0	0	0	0	0	0	0	0	0
cell_1	0	0	0	0	0	0	0	0	0	0	0	0	1	0	0	0	0	0	0	0	0	0	0	0	0	0	0	0	0	0	0	0	0	1	0	0	0	0	0	0	0	0	0	0	0	0	0	0	0	0
cell_2	0	0	0	0	0	0	0	0	0	0	1	0	0	0	1	0	0	0	0	0	0	1	0	0	0	0	0	1	0	0	0	0	0	0	0	0	0	0	0	1	0	0	0	0	0	0	0	0	0	0
cell_3	0	0	0	0	1	0	0	1	0	1	1	0	0	1	1	0	1	0	0	0	1	1	0	0	0	1	0	1	0	0	1	0	0	0	1	1	1	1	0	1	0	0	0	0	0	0	0	1	1	0
cell_4	0	0	0	0	1	0	0	1	0	1	1	0	0	1	1	0	1	0	0	0	1	1	0	0	0	1	0	1	0	1	1	0	0	0	1	1	1	1	1	1	0	0	0	0	0	0	0	1	1	0
cell_5	0	0	0	0	1	0	0	1	0	1	1	0	0	1	1	0	1	0	0	0	1	1	0	0	0	1	0	1	0	1	1	0	0	0	1	1	1	1	1	1	0	0	0	0	0	0	0	1	1	0
cell_6	0	0	0	0	1	0	0	1	0	1	1	0	0	1	1	0	1	0	0	0	1	1	0	0	0	1	0	1	0	0	0	0	0	0	1	1	1	1	0	1	0	0	0	0	0	0	0	1	0	0
cell_7	0	0	0	0	1	0	0	1	0	0	1	0	0	0	1	0	1	0	0	0	1	1	0	0	0	0	0	1	0	0	0	0	0	0	1	1	1	1	0	1	0	0	0	0	0	0	0	1	0	0
cell_8	0	0	0	0	0	0	0	1	0	0	1	0	0	0	1	0	0	0	0	0	0	1	0	0	0	0	0	1	0	0	0	0	0	0	1	0	1	0	0	1	0	0	0	0	0	0	0	1	0	0
cell_9	0	0	0	0	0	0	0	0	1	0	1	0	0	0	0	0	0	0	0	0	0	0	0	0	0	0	0	1	0	0	0	0	0	0	0	0	0	0	0	1	0	0	0	0	0	0	0	0	0	0
cell_10	0	0	0	1	0	0	1	0	1	0	1	0	0	0	0	0	0	0	0	0	0	0	0	0	0	0	0	1	0	0	0	0	0	0	0	0	0	0	0	1	0	0	0	0	0	0	0	0	0	0
cell_11	0	0	0	1	0	0	1	0	1	0	1	0	0	0	0	0	0	0	0	0	0	0	0	1	0	0	0	1	0	0	0	0	0	0	0	0	0	0	0	1	0	0	0	0	0	0	0	0	0	0
cell_12	0	0	0	1	0	0	1	0	1	0	1	0	0	0	0	0	0	0	0	0	0	0	0	1	0	0	0	1	0	0	0	0	0	0	0	0	0	0	0	1	0	0	0	0	0	0	0	0	0	0
cell_13	1	0	1	0	0	1	0	0	0	0	0	1	0	0	0	1	0	0	0	0	0	0	0	0	0	0	0	0	1	0	0	1	0	0	0	0	0	0	0	0	1	0	0	1	1	1	1	0	0	1
cell_14	1	0	1	0	0	1	0	0	0	0	0	1	0	0	0	1	0	0	0	0	0	0	0	0	0	0	0	0	1	0	0	1	0	0	0	0	0	0	0	0	1	0	0	1	1	1	1	0	0	1
cell_15	1	0	0	0	0	1	0	0	0	0	0	1	0	0	0	1	0	0	0	0	0	0	0	0	0	0	0	0	0	0	0	0	0	0	0	0	0	0	0	0	1	0	0	1	1	0	1	0	0	0
cell_16	1	1	0	0	0	0	0	0	0	0	0	1	0	0	0	1	0	1	1	1	0	0	1	0	1	0	0	0	0	0	0	0	0	0	0	0	0	0	0	0	1	1	0	0	1	0	1	0	0	0
cell_17	1	1	0	0	0	0	0	0	0	0	0	1	0	0	0	1	0	1	1	1	0	0	1	0	1	0	0	0	0	0	0	0	0	0	0	0	0	0	0	0	1	1	0	0	1	0	1	0	0	0
cell_18	1	1	0	0	0	0	0	0	0	0	0	1	0	0	0	1	0	0	0	1	0	0	0	0	1	0	1	0	0	0	0	0	1	0	0	0	0	0	0	0	1	0	1	0	1	0	1	0	0	0
cell_19	1	1	0	0	0	0	0	0	0	0	0	1	0	0	0	1	0	0	0	1	0	0	0	0	1	0	1	0	0	0	0	0	1	0	0	0	0	0	0	0	1	0	1	0	1	0	1	0	0	0
